Workbook

Sheet Inputs
A1: Global Inputs
A3: Sequence length | B3: 2048
A4: Batch size | B4: 1
A5: GPUs for Training Time | B5: 64
A6: Cost per GPU-hour (USD) | B6: 2
A8: GPU Effective Throughput (TFLOPs/sustained)
A9: GPU Type | B9: Effective TFLOPs
A10: A100-80GB | B10: 100
A11: H100-80GB | B11: 300
A13: Token Budget (editable)
A14: Model | B14: Tokens
A15: 1B Dense | B15: 10000000000
A16: 3B MoE-8 | B16: 50000000000
A17: 8B MoE-8 | B17: 100000000000
A18: 70B MoE-64 | B18: 400000000000

Sheet Model_Configs
A1: Stage | B1: Config Key | C1: Layers | D1: d_model | E1: Attention | F1: MoE in every layer | G1: FFN d_ff (per expert) | H1: Routed experts | I1: Shared experts | J1: Null experts | K1: Top-k | L1: rho | M1: Notes
A2: 1B Dense | B2: 1b_dense | C2: 24 | D2: 2048 | E2: gsa | F2: No | G2: 5504 | M2: Dense foundation (SwiGLU ratio).
A3: 3B MoE-small | B3: 3b_moe | C3: 24 | D3: 2048 | E3: gsa | F3: Yes | G3: 2048 | H3: 8 | I3: 2 | J3: duplication | K3: 2 | L3: 0.8 | M3: All layers MoE; fine-grained experts.
A4: 8B MoE | B4: 8b_moe | C4: 24 | D4: 4096 | E4: gsa | F4: Yes | G4: 2048 | H4: 8 | I4: 2 | J4: duplication | K4: 2 | L4: 0.8 | M4: Width scaled; keep expert size fixed.
A5: 70B MoE-large | B5: 70b_moe | C5: 40 | D5: 4096 | E5: gsa | F5: Yes | G5: 2048 | H5: 64 | I5: 4 | J5: duplication | K5: 4 | L5: 0.8 | M5: Expert explosion; dims fixed.

Sheet FLOPs_Per_Token
A1: Model | B1: Total Params (B) | C1: Active Params (B) | D1: FLOPs/Token | E1: Tokens | F1: Training FLOPs | G1: ZettaFLOPs | H1: Attention | I1: Router | J1: top_k | K1: rho | L1: FLOPs/token/layer (GF) | M1: FLOPs/batch (TF) | N1: FLOPs/batch fwd+bwd (TF)
A2: 1B Dense | B2: 0.84 | D2: =(N2*1000000000000)/(Inputs!$B$3*Inputs!$B$4) -> 9.3053223e+11 | E2: =_xlfn.XLOOKUP(A2,Inputs!$A$15:$A$18,Inputs!$B$15:$B$18) -> 10000000000 | F2: =D2*E2 -> 9.3053223e+21 | G2: =F2/1E+21 -> 9.3053223 | H2: gsa | I2: - | J2: - | K2: - | L2: 19.386 | M2: 952.865 | N2: 1905.73
A3: 3B MoE-8 | B3: 1.52 | D3: =(N3*1000000000000)/(Inputs!$B$3*Inputs!$B$4) -> 9.3367285e+11 | E3: =_xlfn.XLOOKUP(A3,Inputs!$A$15:$A$18,Inputs!$B$15:$B$18) -> 50000000000 | F3: =D3*E3 -> 4.6683643e+22 | G3: =F3/1E+21 -> 46.683643 | H3: gsa | I3: null_expert | J3: 2 | K3: 0.8 | L3: 19.452 | M3: 956.081 | N3: 1912.162
A4: 8B MoE-8 | B4: 13.72 | D4: =(N4*1000000000000)/(Inputs!$B$3*Inputs!$B$4) -> 2.9454775e+12 | E4: =_xlfn.XLOOKUP(A4,Inputs!$A$15:$A$18,Inputs!$B$15:$B$18) -> 100000000000 | F4: =D4*E4 -> 2.9454775e+23 | G4: =F4/1E+21 -> 294.54775 | H4: gsa | I4: null_expert | J4: 2 | K4: 0.8 | L4: 36.818 | M4: 3016.169 | N4: 6032.338
A5: 70B MoE-64 | B5: 71.33 | D5: =(N5*1000000000000)/(Inputs!$B$3*Inputs!$B$4) -> 2.9599731e+12 | E5: =_xlfn.XLOOKUP(A5,Inputs!$A$15:$A$18,Inputs!$B$15:$B$18) -> 400000000000 | F5: =D5*E5 -> 1.1839893e+24 | G5: =F5/1E+21 -> 1183.9893 | H5: gsa | I5: null_expert | J5: 4 | K5: 0.8 | L5: 37 | M5: 3031.013 | N5: 6062.025
A7: • Active Params column cleared; use script outputs for FLOPs (includes attention+FFN, fwd+bwd).
A8: • FLOPs/Token = 2 × Active_Params (forward pass)
A9: • Training FLOPs = 3 × FLOPs/Token × Tokens (forward + 2× backward)
A10: • Active Params = Shared + Top-K routed experts (per token)
A11: • 3B: 2 shared + 2 top-k = 4 experts active; 70B: 4 shared + 4 top-k = 8 experts

Sheet Memory_Breakdown
A1: Component | B1: 1B Dense | C1: 3B MoE-8 | D1: 8B MoE-8 | E1: 70B MoE-64 | F1: Notes
A2: Model Weights (bf16) | B2: 1.56 | C2: 2.82 | D2: 25.55 | E2: 132.85 | F2: 2 bytes × total_params
A3: Gradients (bf16) | B3: 1.56 | C3: 2.82 | D3: 25.55 | E3: 132.85 | F3: Same as weights
A4: Optimizer (AdamW fp32) | B4: 3.11 | C4: 5.65 | D4: 51.1 | E4: 265.71 | F4: 8 bytes × total_params (m+v)
A5: Static Subtotal | B5: 12 GB | C5: 36 GB | D5: 96 GB | E5: 840 GB | F5: Sum of above
A7: Activations (per layer) | B7: 0.56 | C7: 0.56 | D7: 1.88 | E7: 1.88 | F7: Attention O(S²) + FFN
A8: KV Cache (bf16) | B8: 0.09 | C8: 0.09 | D8: 0.31 | E8: 0.31
A9: Total Train (bf16+adamw) | B9: 6.79 | C9: 11.86 | D9: 104.08 | E9: 533.29
A10: Total Infer (bf16) | B10: 1.65 | C10: 2.92 | D10: 25.86 | E10: 133.17
A11: Total Activations (no ckpt) | B11: ~48 GB | C11: ~72 GB | D11: ~264 GB | E11: ~1040 GB | F11: Per layer × num_layers
A12: With Checkpointing (÷3) | B12: ~16 GB | C12: ~24 GB | D12: ~88 GB | E12: ~347 GB | F12: ~66% savings
A14: Buffers (~10%) | B14: ~6 GB | C14: ~6 GB | D14: ~18 GB | E14: ~119 GB | F14: Temporary allocations
A16: TOTAL (no optimization) | B16: ~66 GB | C16: ~114 GB | D16: ~378 GB | E16: ~2000 GB | F16: Single GPU requirement
A17: TOTAL (with optimizations) | B17: ~34 GB | C17: ~66 GB | D17: ~202 GB | E17: ~1306 GB | F17: Ckpt + buffers

Sheet Distributed_Training
A1: Model | B1: Min GPUs | C1: EP | D1: PP | E1: ZeRO | F1: Mem/GPU | G1: Total Cluster | H1: Status
A2: 1B Dense | B2: 1 | C2: 1 | D2: 1 | E2: 1 | F2: 16 GB | G2: 80 GB | H2: PASS
A3: 3B MoE-8 | B3: 1 | C3: 1 | D3: 1 | E3: 1 | F3: 47 GB | G3: 80 GB | H3: PASS
A4: 8B MoE-8 | B4: 4 | C4: 1 | D4: 1 | E4: 2 | F4: 65 GB | G4: 320 GB | H4: PASS
A5: 70B MoE-64 | B5: 32 | C5: 1 | D5: 4 | E5: 3 | F5: 60 GB | G5: 2.56 TB | H5: PASS
A7: DISTRIBUTED TRAINING NOTES:
A8: • EP = Expert Parallelism (experts split across GPUs)
A9: • PP = Pipeline Parallelism (layers split across GPUs)
A10: • ZeRO = Optimizer state sharding level (1=optimizer, 2=+grad, 3=+params)
A11: • DeepSeek-V3 (671B): 2048 GPUs, 16-way PP, 64-way EP, ~60GB/GPU

Sheet Budget_Compliance
A1: Model | B1: Metric | C1: Ceiling | D1: Actual | E1: Margin | F1: Status
A2: 3B MoE-8 | B2: Max FLOPs/Token | C2: 2.4B | D2: 2.4B | E2: 0% | F2: PASS
A3: 3B MoE-8 | B3: Max Active Params | C3: 1.5B | D3: 1.2B | E3: 20% | F3: PASS
A4: 3B MoE-8 | B4: Max Total Params | C4: 4B | D4: 3B | E4: 25% | F4: PASS
A6: 8B MoE-8 | B6: Max FLOPs/Token | C6: 6.4B | D6: 6.4B | E6: 0% | F6: PASS
A7: 8B MoE-8 | B7: Max Active Params | C7: 4B | D7: 3.2B | E7: 20% | F7: PASS
A8: 8B MoE-8 | B8: Max Total Params | C8: 10B | D8: 8B | E8: 20% | F8: PASS
A10: 70B MoE-64 | B10: Max FLOPs/Token | C10: 24B | D10: 24B | E10: 0% | F10: PASS
A11: 70B MoE-64 | B11: Max Active Params | C11: 15B | D11: 12B | E11: 20% | F11: PASS
A12: 70B MoE-64 | B12: Max Total Params | C12: 80B | D12: 70B | E12: 12.5% | F12: PASS
A14: BUDGET COMPLIANCE NOTES:
A15: • All models meet compute budget constraints
A16: • FLOPs/Token = 2 × Active_Params (forward pass only)
A17: • Active params determined by: shared_experts + top_k_routed
A18: • Margin allows headroom for future scaling

Sheet Training_Cost
A1: Model | B1: ZettaFLOPs | C1: GPU Type | D1: GPU Hours | E1: Cost @ $2/hr | F1: Training Time (64 GPU)
A2: 1B Dense | B2: =FLOPs_Per_Token!G2 -> 9.3053223 | C2: A100-80GB | D2: =(B2*1E+21)/(_xlfn.XLOOKUP(C2,Inputs!$A$10:$A$11,Inputs!$B$10:$B$11)*1000000000000)/3600 -> 25848.117 | E2: =D2*Inputs!$B$6 -> 51696.235 | F2: =D2/(Inputs!$B$5*24) -> 16.828201
A3: 3B MoE-8 | B3: =FLOPs_Per_Token!G3 -> 46.683643 | C3: A100-80GB | D3: =(B3*1E+21)/(_xlfn.XLOOKUP(C3,Inputs!$A$10:$A$11,Inputs!$B$10:$B$11)*1000000000000)/3600 -> 129676.78 | E3: =D3*Inputs!$B$6 -> 259353.57 | F3: =D3/(Inputs!$B$5*24) -> 84.42499
A4: 8B MoE-8 | B4: =FLOPs_Per_Token!G4 -> 294.54775 | C4: A100-80GB | D4: =(B4*1E+21)/(_xlfn.XLOOKUP(C4,Inputs!$A$10:$A$11,Inputs!$B$10:$B$11)*1000000000000)/3600 -> 818188.21 | E4: =D4*Inputs!$B$6 -> 1636376.4 | F4: =D4/(Inputs!$B$5*24) -> 532.67461
A5: 70B MoE-64 | B5: =FLOPs_Per_Token!G5 -> 1183.9893 | C5: H100-80GB | D5: =(B5*1E+21)/(_xlfn.XLOOKUP(C5,Inputs!$A$10:$A$11,Inputs!$B$10:$B$11)*1000000000000)/3600 -> 1096286.3 | E5: =D5*Inputs!$B$6 -> 2192572.7 | F5: =D5/(Inputs!$B$5*24) -> 713.72809
A7: REFERENCE: DeepSeek-V3 (671B)
A8: • 2.788M H800 GPU hours
A9: • ~$5.5M at $2/GPU-hr
A10: • 2048 GPUs, ~2 months training
A11: • Our 70B is ~20× smaller → proportionally less cost
